{"bZU9u5t0KMkE/yXnTdVQxA==":"android-chrome-256x256.png","bTterYOzZ4/kl/bgv33JpQ==":"mbr-1620x1080.jpg","bZ7j1jpNXoRUE93VH+HY8A==":"android-chrome-192x192.png","XzmT3uGcoYKlaBv0Pi3uhA==":"copy-of-exclusive-fashion-guide-728x90.gif","4O6+gFw2xT6sdOKe9lws+w==":"mbr-1-1620x1080.jpg","yRLcztcXRIGjEP9zXe6gjA==":"shop%20image%20bigger-1920x1080.jpg","8VCjlSvLSr2XyX86Xjz2uQ==":"shop%20image-275x183.jpg","0t1CQPwsGid4CK2s57I3zw==":"alex'slogo-220x220.jpg","pKM4jZ5tEmO/OUksA4IBlA==":"favicon%20logo%20inf-340x340.png","/5TxP6rB5Xsj6wML99MSww==":"logo2.png","CGGtf1MuvLFB/KUrA/+mag==":"jumbotron.jpg","0WJpExBvyiqkJtHYbECK8Q==":"mbr-1534x1080.jpg","3ACja5hCqfxaHnUAQd2kNg==":"mbr-721x1080.jpg","wS23ftyM708iO7ve10HbPA==":"mbr-1620x1080.jpg","QuR9bW9N0ShvG2B6pBWgwQ==":"mbr-1-1620x1080.jpg","qUl+rVio29dCFCUETyF3Jg==":"mbr-1619x1080.jpg","ihlkf69UyfSmhSyJ1Jvc6w==":"jumbotron.jpg","eIcEqgcvT0HH/44TaLBPug==":"mbr-1845x1080.jpg","xqXsbiyxxFDNfMdQZdjryQ==":"mbr-1-1619x1080.jpg","cP6uztj32hj6q16zL4+lCg==":"mbr-720x1080.jpg","hgIMuS275CDbyPAtpjypDA==":"mbr-2-1620x1080.jpg","Vsd6Xe0V5CrovrNgXwIeKg==":"mbr-709x1080.jpg","OIlXMHN5rAsPCUp6oJ1r0g==":"mbr-1618x1080.jpg","CXgVUwjMg/JPT2JJZYDDgg==":"mbr-1615x1080.jpg","O5QiC+hSmbP0srRCfK/vag==":"mbr-1785x1080.jpg","9Rek2T+4UpVOzsm0ycchgQ==":"mbr-1920x1080.jpg","vxnSZa43szXcx7V1nysRCA==":"mbr-729x1080.jpg","S8HP6kkpHzPsZ7wRTUONWg==":"mbr-3-1620x1080.jpg","16acvf8f/7AAqDOw+nBQCQ==":"favicon%20inf%20png-122x122.png","ZbQyya8TLysoEYBlhyb+wg==":"favicon%20inf%20png-135x135.png","O+bYCAf1PvXOikBHI8stkg==":"favicon%20inf%20png-96x96.png","xGjj6oQw7ymL8/TcJoKPpQ==":"mbr-1-1618x1080.jpg","b20XHYXPabPyot+BPdBA8w==":"mbr-2-1618x1080.jpg","l0ZNXvKTpOQ6SkbX99da7g==":"mbr-4-1620x1080.jpg","eOxJ05nkY4KcHLBz3xkzCg==":"mbr-5-1620x1080.jpg","DFkFmuGJZYSxT72sLlboEw==":"mbr-6-1620x1080.jpg","PRxDVeoqs3Vc0eRQR6ujew==":"homepageuneditedwww.coes.co.uk(slash)brandedcontemporarymens-1300x700.jpg","05JwHguf5q91HCA57Gy2YA==":"homepageuneditedwww.gazettelive.co.uk-1844x1227.jpg","E9C/sIpTWMrtzNIgnvL6ow==":"original-compressor-1400x932.jpg","pdtm37GPWaDnqPs9v5R2/g==":"menswearunedited2www.dresslikea.tumblr.com(slash)page(slash)6-540x360.jpg","Nhta5F2klj0ELMhv+zt+Xw==":"part%20of%20the%20gif%20no.%203-300x187.jpg","/y//IJGE2kRWO3JwMmofgg==":"menswearuneditedwww.dresslikea.tumblr.com(slash)page(slash)6-540x540.jpg","X0m9qqphL5X8KEfY7XgumQ==":"menswearunedited3www.dresslikea.tumblr.com(slash)page(slash)6-500x745.jpg","IwqY/rI072zQaz1gCRgDXw==":"homepageeditedwww.gazettelive.co.uk-1600x1065.jpg"}